model,context_len,n_monthly,n_weekly,n_daily,mae_monthly,mae_weekly,mae_daily,n_weekly_daily,mae_weekly_daily
neurosym-cbf,8,17302,2197,8129,0.9530258774757385,0.9408584237098694,0.6704035997390747,10326,0.7279466986656189
neurosym-cbf,30,17302,2190,7940,0.3248683512210846,0.5581052303314209,0.6254379749298096,10130,0.6108812689781189
unimodal-ablation,8,17302,2197,8129,0.9864388704299927,0.9323782920837402,0.8807792067527771,10326,0.891757607460022
unimodal-ablation,30,17302,2190,7940,0.33309075236320496,0.5499149560928345,0.6940193176269531,10130,0.6628654599189758
tft,8,17302,2197,8129,0.9845587611198425,0.943107008934021,0.8611284494400024,10326,0.8785704970359802
tft,30,17302,2190,7940,0.3287357687950134,0.5339024662971497,0.6846044063568115,10130,0.6520242691040039
chronos-2,8,17302,2197,8129,1.0617265701293945,0.9419195055961609,0.9506020545959473,10326,0.9487547874450684
chronos-2,30,17302,2190,7940,0.35402560234069824,0.5410801768302917,0.7501762509346008,10130,0.7049719095230103
chronos-bolt,8,17302,2197,8129,1.106741189956665,0.9611495137214661,1.0102784633636475,10326,0.9998255968093872
chronos-bolt,30,17302,2190,7940,0.3690734803676605,0.5571446418762207,0.7528510689735413,10130,0.7105414867401123
moirai,8,17302,2197,8129,1.0260133743286133,0.9784022569656372,0.7763590216636658,10326,0.81934654712677
moirai,30,17302,2190,7940,0.3424949645996094,0.5577142238616943,0.6813958883285522,10130,0.654657244682312
timesfm,8,17302,2197,8129,1.1147971153259277,0.9743137955665588,0.9606742858886719,10326,0.9635763764381409
timesfm,30,17302,2190,7940,0.3984489440917969,0.5861276984214783,0.7327668070793152,10130,0.7010650038719177
autoets-normafter,8,17302,2197,8129,1.0418024063110352,0.9306771159172058,1.0482932329177856,10326,1.0232688188552856
autoets-normafter,30,17302,2190,7940,0.35188087821006775,0.5744047164916992,0.7770339846611023,10130,0.7332276105880737
