model,context_len,horizon_len,n_test_samples,mae_mean,mae_median,mae_std,smape_mean,smape_median,mase_mean,mase_median
neurosym-cbf,30,18,194442,0.37470653653144836,0.26748523116111755,0.4058319330215454,0.7386206388473511,0.6104458570480347,1.5065251588821411,1.1287568807601929
chronos-bolt,30,18,194442,0.38930749893188477,0.27056336402893066,0.43623244762420654,0.718073308467865,0.606475830078125,1.5352426767349243,1.1020309925079346
chronos-2,30,18,194442,0.39325252175331116,0.27647554874420166,0.4341188371181488,0.7373473048210144,0.6321830749511719,1.554174780845642,1.1377989053726196
unimodal-ablation,30,18,194442,0.4025099575519562,0.29146653413772583,0.41613832116127014,0.7687106132507324,0.6494125723838806,1.6375764608383179,1.24967622756958
timesfm,30,18,194442,0.4072108566761017,0.2837960422039032,0.44245338439941406,0.7366122007369995,0.6106675863265991,1.6017354726791382,1.1625500917434692
neurosym-cbf,24,18,194442,0.4182479679584503,0.2902609705924988,0.47463950514793396,0.7688076496124268,0.6500563025474548,1.4685132503509521,1.0600409507751465
chronos-2,24,18,194442,0.43653908371925354,0.29501035809516907,0.510871171951294,0.7648493051528931,0.6675856709480286,1.5073269605636597,1.0618009567260742
autoets-normafter,30,18,194442,0.43660199642181396,0.3327101469039917,0.42295151948928833,0.8230432271957397,0.699772834777832,1.79859459400177,1.423365831375122
chronos-bolt,24,18,194442,0.43904879689216614,0.29593855142593384,0.5123181939125061,0.7558302283287048,0.6513298749923706,1.5186712741851807,1.0622819662094116
unimodal-ablation,24,18,194442,0.44796183705329895,0.31846582889556885,0.4843643009662628,0.796068549156189,0.6840070486068726,1.584023118019104,1.1795454025268555
timesfm,24,18,194442,0.4635128974914551,0.31246504187583923,0.5265641212463379,0.7857197523117065,0.6770768165588379,1.588607668876648,1.1122233867645264
autoets-normafter,24,18,194442,0.4828172028064728,0.3583146929740906,0.49183592200279236,0.8584458827972412,0.7375268340110779,1.7178809642791748,1.3376646041870117
neurosym-cbf,15,18,194442,0.5448113679885864,0.36564335227012634,0.6178544759750366,0.8634463548660278,0.762271523475647,1.4468225240707397,0.799085259437561
chronos-2,15,18,194442,0.568505585193634,0.35615241527557373,0.6891816258430481,0.8651778101921082,0.8026354312896729,1.5175468921661377,0.829498827457428
chronos-bolt,15,18,194442,0.5765344500541687,0.3620513081550598,0.6937752962112427,0.8761221170425415,0.8155344128608704,1.529491901397705,0.8479913473129272
timesfm,15,18,194442,0.5888205766677856,0.36472088098526,0.7052025198936462,0.8648821711540222,0.794387698173523,1.5415278673171997,0.8513811826705933
autoets-normafter,15,18,194442,0.5931439399719238,0.4107002913951874,0.6498522162437439,0.9191752076148987,0.8093138933181763,1.566356897354126,0.8686156272888184
unimodal-ablation,15,18,194442,0.6233824491500854,0.45015281438827515,0.6407178640365601,0.974644660949707,0.9005788564682007,1.6174747943878174,0.9548661112785339
neurosym-cbf,10,18,194442,0.6376139521598816,0.4176936149597168,0.7342959046363831,0.8677563667297363,0.7614709138870239,3.137068510055542,1.9597409963607788
chronos-2,10,18,194442,0.6873582601547241,0.4116896986961365,0.8451839089393616,0.9239851832389832,0.875866711139679,3.4189863204956055,1.8542416095733643
unimodal-ablation,10,18,194442,0.6901991367340088,0.4530239403247833,0.7734720706939697,0.8883163928985596,0.8002597093582153,3.3831138610839844,2.0954535007476807
timesfm,10,18,194442,0.693359375,0.4124554991722107,0.8612822890281677,0.8967409133911133,0.8412496447563171,3.4745192527770996,1.820263147354126
chronos-bolt,10,18,194442,0.7028565406799316,0.4249197840690613,0.8490285277366638,0.9402574300765991,0.8899843692779541,3.520578622817993,1.9044311046600342
neurosym-cbf,8,18,194442,0.7046542167663574,0.4465603232383728,0.8180882930755615,0.8963546752929688,0.7975972890853882,2.894876718521118,1.7662839889526367
autoets-normafter,10,18,194442,0.7088003754615784,0.45835521817207336,0.8106146454811096,0.9744036793708801,0.8793365955352783,3.519362688064575,2.213805913925171
chronos-2,8,18,194442,0.7515727877616882,0.4399268627166748,0.9320460557937622,0.9351332187652588,0.8881855010986328,3.109297275543213,1.6831226348876953
timesfm,8,18,194442,0.759301483631134,0.44078904390335083,0.9531111717224121,0.9206651449203491,0.8729721307754517,3.157496213912964,1.6548486948013306
unimodal-ablation,8,18,194442,0.7618905901908875,0.4832783043384552,0.8657364845275879,0.9174554347991943,0.8399062156677246,3.117448329925537,1.867903470993042
chronos-bolt,8,18,194442,0.7772547006607056,0.458319753408432,0.9375351071357727,0.9822368025779724,0.9250381588935852,3.244474172592163,1.7714898586273193
autoets-normafter,8,18,194442,0.7808310985565186,0.4853028655052185,0.9078834056854248,0.9999480843544006,0.9122739434242249,3.237989664077759,1.976509928703308
